Ed.,Season,Winners[4],Runners-up,Third place,Unnamed: 5_level_0
Amateur era (1893–1929),Amateur era (1893–1929),Amateur era (1893–1929),Amateur era (1893–1929),Amateur era (1893–1929),Unnamed: 5_level_1
1,1893–94,Standard Athletic Club (1),The White Rovers,,
2,1894–95,Standard Athletic Club (2),The White Rovers,,
3,1895–96,Club Français (1),The White Rovers,,
4,1896–97,Standard Athletic Club (3),The White Rovers,,
5,1897–98,Standard Athletic Club (4),Club Français,,
6,1898–99,Le Havre (1),Club Français,,
7,1899–1900,Le Havre (2),Club Français,,
8,1900–01,Standard Athletic Club (5),Le Havre,,
9,1901–02,Roubaix (1),RC Paris,,
10,1902–03,Roubaix (2),RC Paris,,
11,1903–04,Roubaix (3),Suisse Paris,,
12,1904–05,Gallia Club Paris (1),Roubaix,,
13,1905–06,Roubaix (4),CA Paris,,
14,1906–07,RC Paris (1),Roubaix,,
15,1907–08,Roubaix (5),RC Paris,,
16,1908–09,Stade Helvétique (1),CA Paris,,
17,1909–10,US Tourcoing (1),Stade Helvétique,,
18,1910–11,Stade Helvétique (2),RC Paris,,
19,1911–12,Saint-Raphaël (1),AS Française,,
20,1912–13,Stade Helvétique (3),Rouen,,
21,1913–14,Olympique Lillois (1),Sète,,
–,1914–18,Suspended due to World War I,Suspended due to World War I,Suspended due to World War I,
22,1918–19,Le Havre (3),Marseille,,
–,1919–26,Not Played,Not Played,Not Played,
23,1926–27,CA Paris (1),Amiens AC,Marseille,
24,1927–28,Stade Français (1)[nb 1],US Tourcoing,,
25,1928–29,Marseille (1)[nb 2],Club Français,,
–,1929–32,Not Played,Not Played,Not Played,
Professional era (1932–present)[2][21][22],Professional era (1932–present)[2][21][22],Professional era (1932–present)[2][21][22],Professional era (1932–present)[2][21][22],Professional era (1932–present)[2][21][22],
26,1932–33,Olympique Lillois (2),Cannes,RC Paris,
27,1933–34,Sète (1),Fives,Marseille,
28,1934–35,Sochaux (1),Strasbourg,RC Paris,
29,1935–36,RC Paris (2),Olympique Lillois,Strasbourg,
30,1936–37,Marseille (2),Sochaux,RC Paris,
31,1937–38,Sochaux (2),Marseille,Sète,
32,1938–39,Sète (2),Marseille,RC Paris,
–,1939–45,Suspended due to World War II,Suspended due to World War II,Suspended due to World War II,Suspended due to World War II
33,1945–46,Lille (1),Saint-Étienne,CO Roubaix-Tourcoing,
34,1946–47,Roubaix–Tourcoing (1),Reims,Strasbourg,
35,1947–48,Marseille (3),Lille,Reims,
36,1948–49,Reims (1),Lille,Marseille,
37,1949–50,Bordeaux (1),Lille,Reims,
38,1950–51,Nice (1),Lille,Le Havre,
39,1951–52,Nice (2),Bordeaux,Lille,
40,1952–53,Reims (2),Sochaux,Bordeaux,
41,1953–54,Lille (2),Reims,Bordeaux,
42,1954–55,Reims (3),Toulouse (1937),Lens,
43,1955–56,Nice (3),Lens,Monaco,
44,1956–57,Saint-Étienne (1),Lens,Reims,
45,1957–58,Reims (4),Nîmes,Monaco,
46,1958–59,Nice (4),Nîmes,RC Paris,
47,1959–60,Reims (5),Nîmes,RC Paris,
48,1960–61,Monaco (1),RC Paris,Reims,
49,1961–62,Reims (6),RC Paris,Nîmes,
50,1962–63,Monaco (2),Reims,Sedan,
51,1963–64,Saint-Étienne (2),Monaco,RC Lens,
52,1964–65,Nantes (1),Bordeaux,Valenciennes,
53,1965–66,Nantes (2),Bordeaux,Valenciennes,
54,1966–67,Saint-Étienne (3),Nantes,Angers,
55,1967–68,Saint-Étienne (4),Nice,Sochaux,
56,1968–69,Saint-Étienne (5),Bordeaux,Metz,
57,1969–70,Saint-Étienne (6),Marseille,RC Paris-Sedan,
58,1970–71,Marseille (4),Saint-Étienne,Nantes,
59,1971–72,Marseille (5),Nîmes,Sochaux,
60,1972–73,Nantes (3),Nice,Marseille,
61,1973–74,Saint-Étienne (7),Nantes,Lyon,
62,1974–75,Saint-Étienne (8),Marseille,Lyon,
63,1975–76,Saint-Étienne (9),Nice,Sochaux,
64,1976–77,Nantes (4),Lens,Bastia,
65,1977–78,Monaco (3),Nantes,Strasbourg,
66,1978–79,Strasbourg,Nantes,Saint-Étienne,
67,1979–80,Nantes (5),Sochaux,Saint-Étienne,
68,1980–81,Saint-Étienne (10),Nantes,Bordeaux,
69,1981–82,Monaco (4),Saint-Étienne,Sochaux,
70,1982–83,Nantes (6),Bordeaux,Paris Saint-Germain,
71,1983–84,Bordeaux (2),Monaco,Auxerre,
72,1984–85,Bordeaux (3),Nantes,Monaco,
73,1985–86,Paris Saint-Germain (1),Nantes,Bordeaux,
74,1986–87,Bordeaux (4),Marseille,Toulouse,
75,1987–88,Monaco (5),Bordeaux,Montpellier,
76,1988–89,Marseille (6),Paris Saint-Germain,Monaco,
77,1989–90,Marseille (7),Bordeaux,Monaco,
78,1990–91,Marseille (8),Monaco,Auxerre,
79,1991–92,Marseille (9),Monaco,Paris Saint-Germain,
80,1992–93,— [nb 3],Paris Saint-Germain,Monaco,
81,1993–94,Paris Saint-Germain (2),Marseille,Auxerre,
82,1994–95,Nantes (7),Lyon,Paris Saint-Germain,
83,1995–96,Auxerre (1),Paris Saint-Germain,Monaco,
84,1996–97,Monaco (6),Paris Saint-Germain,Nantes,
85,1997–98,Lens (1),Metz,Monaco,
86,1998–99,Bordeaux (5),Marseille,Lyon,
87,1999–2000,Monaco (7),Paris Saint-Germain,Lyon,
88,2000–01,Nantes (8),Lyon,Lille,
89,2001–02,Lyon (1),Lens,Auxerre,
90,2002–03,Lyon (2),Monaco,Marseille,
91,2003–04,Lyon (3),Paris Saint-Germain,Monaco,
92,2004–05,Lyon (4),Lille,Monaco,
93,2005–06,Lyon (5),Bordeaux,Lille,
94,2006–07,Lyon (6),Marseille,Toulouse,
95,2007–08,Lyon (7),Bordeaux,Marseille,
96,2008–09,Bordeaux (6),Marseille,Lyon,
97,2009–10,Marseille (10),Lyon,Auxerre,
98,2010–11,Lille (3),Marseille,Lyon,
99,2011–12,Montpellier (1),Paris Saint-Germain,Lille,
100,2012–13,Paris Saint-Germain (3),Marseille,Lyon,
101,2013–14,Paris Saint-Germain (4),Monaco,Lille,
102,2014–15,Paris Saint-Germain (5),Lyon,Monaco,
103,2015–16,Paris Saint-Germain (6),Lyon,Monaco,
104,2016–17,Monaco (8),Paris Saint-Germain,Nice,
105,2017–18,Paris Saint-Germain (7),Monaco,Lyon,
106,2018–19,Paris Saint-Germain (8),Lille,Lyon,
107,2019–20,Paris Saint-Germain (9)[nb 4],Marseille,Rennes,
108,2020–21,Lille (4),Paris Saint-Germain,Monaco,
109,2021–22,Paris Saint-Germain (10),Marseille,Monaco,
110,2022–23,Paris Saint-Germain (11),Lens,Marseille,
111,2023–24,Paris Saint-Germain (12),Monaco,Brest,
112,2024–25,Paris Saint-Germain (13),Marseille,Monaco,
113,2025–26,Paris Saint-Germain (14),Lens,Lille,
